{
  "porcentaje_programado_vigente_mes": 0.06666666666666667,
  "porcentaje_ejecutado_vigente_mes": 0.0591530651200461,
  "porcentaje_programado_acumulado_vigente_mes": 0.06666666666666667,
  "porcentaje_ejecutado_acumulado_vigente_mes": 0.0591530651200461
}
