{
    "porcentaje_programado_vigente_mes": 0.08333333333333333,
    "porcentaje_ejecutado_vigente_mes": 0.06021001599228525,
    "porcentaje_programado_acumulado_vigente_mes": 0.08333333333333333,
    "porcentaje_ejecutado_acumulado_vigente_mes": 0.06021001599228525
}