{
    "porcentaje_programado_vigente_mes": 0.07916666666666666,
    "porcentaje_ejecutado_vigente_mes": 0.15267272253391578,
    "porcentaje_programado_acumulado_vigente_mes": 0.07916666666666666,
    "porcentaje_ejecutado_acumulado_vigente_mes": 0.15267272253391578
}